<?xml version="1.0" encoding="UTF-8"?>
<!DOCTYPE mapper
PUBLIC "-//mybatis.org//DTD Mapper 3.0//EN"
"http://mybatis.org/dtd/mybatis-3-mapper.dtd">


<mapper namespace="com.bitcamp.hgs.place.dao.PlaceReplyDao">

	<select id="getList"
			resultType="com.bitcamp.hgs.place.domain.PlaceReplys">
	SELECT place_reply_idx,
		   place_idx,
		   member_idx,
		   star,
		   content,
		   file_name,
		   create_date
	FROM hgs.place_replys WHERE place_idx=${placeIdx}
	</select>
	
	
	<insert id="registReply"
			parameterType="com.bitcamp.hgs.place.domain.PlaceReplys"
			useGeneratedKeys="true"
			keyProperty="placeReplyIdx"
	>
	
	INSERT INTO place_replys (place_idx, member_idx, star, content) 
	VALUES (#{placeIdx}, #{memberIdx}, #{star}, #{content})
	
	</insert>
	
	
	
	<delete id="deleteReply">
		DELETE FROM hgs.place_replys WHERE place_reply_idx=#{placeReplyIdx}
	</delete>
	
	<update id="updateReply">
		UPDATE place_replys SET content=#{content}, editdate = sysdate WHERE place_reply_idx = #{placeReplyIdx}
	</update>
	
	
</mapper>